epoch,train_loss,train_acc,val_loss,val_acc
1,1.764837,0.246797,1.572729,0.503012
2,1.583577,0.373022,1.457851,0.496988
3,1.528584,0.438960,1.367222,0.496988
4,1.443393,0.478900,1.284130,0.503012
5,1.343503,0.500000,1.194260,0.503012
6,1.276777,0.484928,1.134135,0.503012
7,1.247032,0.495102,1.104794,0.503012
8,1.209090,0.490957,1.104955,0.503012
9,1.236395,0.465335,1.133872,0.503012
10,1.209056,0.498116,1.071713,0.503012
