epoch,train_loss,train_acc,val_loss,val_acc
1,1.652730,0.176828,1.571394,0.248555
2,1.589178,0.230858,1.486723,0.317919
3,1.495202,0.254551,1.458639,0.164162
4,1.434901,0.233459,1.376121,0.218497
5,1.390368,0.237215,1.359813,0.212717
6,1.399621,0.249639,1.318224,0.239306
7,1.382705,0.252817,1.333734,0.216185
8,1.377307,0.235770,1.303477,0.261272
9,1.370331,0.254840,1.315879,0.257803
10,1.380471,0.237504,1.310367,0.257803
